Hosts,NoneCpuTime(ms)
hdc49-mcc10-01-0710-2603-039-tess0035.stratus.rno.ebay.com,767
hdc49-mcc10-01-0710-3409-010-tess0035.stratus.rno.ebay.com,222
hdc49-mcc10-01-0910-1803-031-tess0028.stratus.rno.ebay.com,217
hdc49-mcc10-01-0710-3509-017-tess0035.stratus.rno.ebay.com,186
hdc49-mcc10-01-0710-2003-007-tess0035.stratus.rno.ebay.com,186
hdc49-mcc10-01-0710-2605-021-tess0035.stratus.rno.ebay.com,186
hdc49-mcc10-01-0710-2603-023-tess0035.stratus.rno.ebay.com,182
hdc49-mcc10-01-0710-3503-013-tess0035.stratus.rno.ebay.com,181
hdc49-mcc10-01-0710-3409-005-tess0035.stratus.rno.ebay.com,180
hdc49-mcc10-01-0710-3409-009-tess0035.stratus.rno.ebay.com,179
hdc49-mcc10-01-0710-3804-010-tess0035.stratus.rno.ebay.com,178
hdc49-mcc10-01-0710-2509-004-tess0035.stratus.rno.ebay.com,178
hdc49-mcc10-01-0710-2102-014-tess0035.stratus.rno.ebay.com,178
hdc49-mcc10-01-0710-3709-009-tess0035.stratus.rno.ebay.com,177
hdc49-mcc10-01-0710-2202-006-tess0035.stratus.rno.ebay.com,176
hdc49-mcc10-01-0710-2102-037-tess0035.stratus.rno.ebay.com,175
hdc49-mcc10-01-0910-1710-039-tess0028.stratus.rno.ebay.com,175
hdc49-mcc10-01-0910-1701-017-tess0028.stratus.rno.ebay.com,174
hdc49-mcc10-01-0710-2003-017-tess0035.stratus.rno.ebay.com,169
hdc49-mcc10-01-0710-3302-027-tess0035.stratus.rno.ebay.com,168
